timestamp,documents,tokens,shards
2026-03-17T04:02:35.122531,337,131168,5
2026-03-17T04:03:39.435720,400,156818,6
2026-03-17T05:01:32.299893,400,156818,0
2026-03-17T05:02:04.162286,0,0,0
2026-03-17T05:03:07.813569,62,25034,1
2026-03-17T05:04:14.465490,132,55115,2
2026-03-17T05:05:36.176883,204,80840,3
2026-03-17T05:06:22.252760,273,106153,4
2026-03-17T05:07:51.712738,337,131168,5
2026-03-17T05:08:51.599810,400,156818,6
2026-03-17T07:16:41.426627,400,156818,0
2026-03-17T07:17:43.945481,0,0,0
2026-03-17T07:18:51.865968,62,25034,1
2026-03-17T07:19:55.397846,132,55115,2
2026-03-17T07:21:12.337289,204,80840,3
2026-03-17T07:53:55.634826,0,0,0
2026-03-17T07:55:05.057916,62,25034,1
2026-03-17T07:56:08.724794,132,55115,2
2026-03-17T07:57:28.663658,204,80840,3
2026-03-17T07:58:15.574835,273,106153,4
2026-03-17T08:13:48.876876,273,106153,4
2026-03-17T13:32:04.643183,273,106153,4
2026-03-17T13:32:41.449122,273,106153,4
2026-03-17T13:35:05.301120,273,106153,4
2026-03-17T13:36:38.280069,337,131168,5
2026-03-17T13:37:23.462641,337,131168,5
2026-03-17T13:38:26.422245,400,156818,6
2026-03-17T13:39:40.782026,400,156818,6
2026-03-17T13:40:34.668210,467,184044,7
2026-03-18T00:50:24.684823,467,184044,7
2026-03-18T00:50:26.575483,467,184044,7
2026-03-18T00:50:28.757953,467,184044,7
2026-03-18T00:50:31.092611,467,184044,7
2026-03-18T00:50:33.466949,467,184044,7
2026-03-18T00:50:35.784107,467,184044,7
2026-03-18T00:51:23.182447,467,184044,7
2026-03-18T03:00:38.345242,0,0,0
2026-03-18T03:06:17.330373,337,131168,1
2026-03-18T03:11:29.546090,663,268504,2
